-- phpMyAdmin SQL Dump
-- version 4.7.4
-- https://www.phpmyadmin.net/
--
-- Host: 127.0.0.1:3306
-- Generation Time: Nov 25, 2017 at 09:43 AM
-- Server version: 5.7.19
-- PHP Version: 7.1.9

SET SQL_MODE = "NO_AUTO_VALUE_ON_ZERO";
SET AUTOCOMMIT = 0;
START TRANSACTION;
SET time_zone = "+00:00";


/*!40101 SET @OLD_CHARACTER_SET_CLIENT=@@CHARACTER_SET_CLIENT */;
/*!40101 SET @OLD_CHARACTER_SET_RESULTS=@@CHARACTER_SET_RESULTS */;
/*!40101 SET @OLD_COLLATION_CONNECTION=@@COLLATION_CONNECTION */;
/*!40101 SET NAMES utf8mb4 */;

--
-- Database: `masaal`
--

-- --------------------------------------------------------

--
-- Table structure for table `admin`
--

DROP TABLE IF EXISTS `admin`;
CREATE TABLE IF NOT EXISTS `admin` (
  `id` int(11) NOT NULL AUTO_INCREMENT,
  `name` varchar(256) NOT NULL,
  `username` varchar(256) NOT NULL,
  `password` varchar(256) NOT NULL,
  `lang` varchar(256) NOT NULL,
  `date` date NOT NULL,
  `manager` int(11) NOT NULL,
  `reviewer` int(11) NOT NULL,
  `distributor` int(11) NOT NULL,
  `respondent` int(11) NOT NULL,
  `post` int(11) NOT NULL,
  `announcement` int(11) NOT NULL,
  PRIMARY KEY (`id`)
) ENGINE=MyISAM DEFAULT CHARSET=utf8;

-- --------------------------------------------------------

--
-- Table structure for table `announcement`
--

DROP TABLE IF EXISTS `announcement`;
CREATE TABLE IF NOT EXISTS `announcement` (
  `id` int(11) NOT NULL AUTO_INCREMENT,
  `content` text NOT NULL,
  `time` datetime NOT NULL,
  `active` tinyint(4) NOT NULL,
  `type` int(11) NOT NULL,
  `lang` tinytext NOT NULL,
  PRIMARY KEY (`id`)
) ENGINE=InnoDB AUTO_INCREMENT=3 DEFAULT CHARSET=utf8;

--
-- Dumping data for table `announcement`
--

INSERT INTO `announcement` (`id`, `content`, `time`, `active`, `type`, `lang`) VALUES
(1, 'نص ما ورد بشأن الأوضاع الراهنة في العراق في خطبة الجمعة لممثل المرجعية الدينية العليا في كربلاء المقدسة السيد احمد الصافي في (21/ شوال /1436هـ) الموافق( 7/ آب/2015م )\r\n\r\nنصائح وتوجيهات للمقاتلين في ساحات الجهاد\r\n\r\nنص ما ورد بشأن الأوضاع الراهنة في العراق في خطبة الجمعة لممثل المرجعية الدينية العليا في كربلاء المقدسة الشيخ عبد المهدي الكربلائي في (12/ رمضان /1435هـ) الموافق( 11/ تموز/2014م )\r\n\r\nنصّ ما ورد بشأن الوضع الراهن في العراق في خطبة الجمعة التي ألقاها فضيلة العلاّمة السيد أحمد الصافي ممثّل المرجعية الدينية العليا في يوم (5/ رمضان / 1435 هـ ) الموافق (4/ تموز / 2014م)', '2017-11-06 00:00:00', 1, 1, 'ar'),
(2, 'اعلان مثبت رقم 2', '2017-11-06 00:00:00', 1, 1, 'ar');

-- --------------------------------------------------------

--
-- Table structure for table `category`
--

DROP TABLE IF EXISTS `category`;
CREATE TABLE IF NOT EXISTS `category` (
  `id` int(11) NOT NULL AUTO_INCREMENT,
  `category` varchar(255) NOT NULL,
  `type` tinyint(4) NOT NULL,
  `lang` varchar(2) NOT NULL,
  PRIMARY KEY (`id`)
) ENGINE=InnoDB AUTO_INCREMENT=15 DEFAULT CHARSET=utf8;

--
-- Dumping data for table `category`
--

INSERT INTO `category` (`id`, `category`, `type`, `lang`) VALUES
(1, 'التوحيد', 2, 'ar'),
(2, 'العدل', 2, 'ar'),
(3, 'النبوّة', 2, 'ar'),
(4, 'الامامة', 2, 'ar'),
(5, 'المعاد', 2, 'ar'),
(6, 'الصوم', 1, 'ar'),
(7, 'الصلاة', 1, 'ar'),
(8, 'الزكاة', 1, 'ar'),
(9, 'الحج', 1, 'ar'),
(10, 'الخمس', 1, 'ar'),
(11, 'الامر بالمعروف', 1, 'ar'),
(12, 'النهي عن المنكر', 1, 'ar'),
(13, 'التولي لأولياء الله', 1, 'ar'),
(14, 'التبري من اعداء الله', 1, 'ar');

-- --------------------------------------------------------

--
-- Table structure for table `post`
--

DROP TABLE IF EXISTS `post`;
CREATE TABLE IF NOT EXISTS `post` (
  `id` int(11) NOT NULL AUTO_INCREMENT,
  `title` text NOT NULL,
  `content` text NOT NULL,
  `lang` varchar(2) NOT NULL,
  `image` varchar(255) NOT NULL,
  `type` int(11) NOT NULL,
  `time` datetime NOT NULL,
  PRIMARY KEY (`id`)
) ENGINE=InnoDB AUTO_INCREMENT=3 DEFAULT CHARSET=utf8;

--
-- Dumping data for table `post`
--

INSERT INTO `post` (`id`, `title`, `content`, `lang`, `image`, `type`, `time`) VALUES
(1, 'مبطلات الصوم', 'ف، أو ما يدخل من الأذن إلى الدماغ، أو ما يدخل إلى الجوف من طريق القبل أو الدبر كالحقنة، أو ما يصل من مداواة الجائفة إلى جوفه، أو من دواء المأمومة إلى دماغه، فهذا كله يفطره؛ لأنه واصل إلى جوفه باختياره، فأشبه الأكل، وكذلك لو جرح نفسه، أو جرحه غيره باختياره فوصل إلى جوفه، سواء استقر في جوفه، أو عاد فخرج منه، وبهذا كله قال الشافعي. وقال مالك: لا يفطر بالسعوط، إلا أن ينزل إلى حلقه، ولا يفطر إذا داوى المأمومة والجائفة، واختلف عنه في الحقنة، واحتج له بأنه لم يصل إلى الحلق منه شيء، أشبه ما لم يصل إلى الدماغ ولا الجوف. وذكر ابن قدامة أنه واصل إلى جوف الصائم باختياره، فيفطره كالواصل إلى الحلق، والدماغ جوف، والواصل إليه يغذيه، فيفطره كجوف البدن.[1] ويشترط فيما يصل إلى الجوف أن يكون عمدا', 'ar', 'q1.jpg', 1, '2017-11-25 10:55:22'),
(2, 'وجوب التقليد', 'ما وصلطل بها الصوم.ف، أو ما يدخل من الأذن إلى الدماغ، أو ما يدخل إلى الجوف من طريق القبل أو الدبر كالحقنة، أو ما يصل من مداواة الجائفة إلى جوفه، أو من دواء المأمومة إلى دماغه، فهذا كله يفطره؛ لأنه واصل إلى جوفه باختياره، فأشبه الأكل، وكذلك لو جرح نفسه، أو جرحه غيره باختياره فوصل إلى جوفه، سواء استقر في جوفه، أو عاد فخرج منه، وبهذا كله قال الشافعي. وقال مالك: لا يفطر بالسعوط، إلا أن ينزل إلى حلقه، ولا يفطر إذا داوى المأمومة والجائفة، واختلف عنه في الحقنة، واحتج له بأنه لم يصل إلى الحلق منه شيء، أشبه ما لم يصل إلى الدماغ ولا الجوف. وذكر ابن قدامة أنه واصل إلى جوف الصائم باختياره، فيفطره كالواصل إلى الحلق، والدماغ جوف، والواصل إليه يغذيه، فيفطره كجوف البدن.[1] ويشترط فيما يصل إلى الجوف أن يكون عمدا', 'ar', '', 1, '2017-11-25 10:55:22');

-- --------------------------------------------------------

--
-- Table structure for table `question`
--

DROP TABLE IF EXISTS `question`;
CREATE TABLE IF NOT EXISTS `question` (
  `id` int(11) NOT NULL AUTO_INCREMENT,
  `content` text NOT NULL,
  `time` datetime NOT NULL,
  `userId` int(11) NOT NULL,
  `type` tinyint(4) NOT NULL COMMENT 'فقهي او عقائدي',
  `privacy` tinyint(4) NOT NULL,
  `categoryId` int(11) DEFAULT NULL COMMENT 'توحيد او صلاة او صوم او ...',
  `lang` varchar(2) NOT NULL,
  `status` tinyint(4) NOT NULL COMMENT 'NO_ANSWER,TEMP_ANSWER,APPROVED',
  `answer` text,
  `image` varchar(255) DEFAULT NULL,
  `videoLink` varchar(255) DEFAULT NULL,
  `externalLink` varchar(255) DEFAULT NULL,
  `adminId` int(11) DEFAULT NULL,
  PRIMARY KEY (`id`)
) ENGINE=InnoDB AUTO_INCREMENT=36 DEFAULT CHARSET=utf8;

--
-- Dumping data for table `question`
--

INSERT INTO `question` (`id`, `content`, `time`, `userId`, `type`, `privacy`, `categoryId`, `lang`, `status`, `answer`, `image`, `videoLink`, `externalLink`, `adminId`) VALUES
(6, 'هل الزكاة واجبة', '2017-11-06 08:41:35', 1, 1, 0, 1, 'ar', 2, 'نعم واجبةنعم واجبةنعم واجبةنعم واجبةنعم واجبةنعم واجبةنعم واجبةنعم واجبةنعم واجبةنعم واجبةنعم واجبةنعم واجبة نعم واجبةنعم واجبةنعم واجبةنعم واجبةنعم واجبةنعم واجبةنعم واجبةنعم واجبةنعم واجبةنعم واجبةنعم واجبةنعم واجبة نعم واجبةنعم واجبةنعم واجبةنعم واجبةنعم واجبةنعم واجبةنعم واجبةنعم واجبةنعم واجبةنعم واجبةنعم واجبةنعم واجبة نعم واجبةنعم واجبةنعم واجبةنعم واجبةنعم واجبةنعم واجبةنعم واجبةنعم واجبةنعم واجبةنعم واجبةنعم واجبةنعم واجبة ', '', 'ZqujIrDX-Cw', 'https://en.wikipedia.org/wiki/HH', NULL),
(7, 'Testing_Question', '2017-11-06 08:41:37', 2, 1, 0, 1, 'ar', 2, NULL, NULL, NULL, NULL, NULL),
(8, 'sfgs', '2017-11-06 08:41:39', 1, 1, 0, 2, 'ar', 2, NULL, NULL, NULL, NULL, NULL),
(9, 'سثبسث', '2017-11-06 08:41:41', 1, 2, 0, 3, 'ar', 2, NULL, NULL, NULL, NULL, NULL),
(10, 'Testing_Questionsgfsdf', '2017-11-06 08:41:43', 1, 1, 0, 2, 'ar', 2, NULL, NULL, NULL, NULL, NULL),
(11, 'Testing_Question', '2017-11-06 08:41:44', 1, 1, 0, NULL, 'en', 0, NULL, NULL, NULL, NULL, NULL),
(12, 'Testing_Question', '2017-11-06 08:41:46', 1, 1, 0, NULL, 'en', 0, NULL, NULL, NULL, NULL, NULL),
(13, 'Testing_Question', '2017-11-06 08:41:48', 1, 1, 0, NULL, 'en', 0, NULL, NULL, NULL, NULL, NULL),
(14, 'Testing_Question', '2017-11-06 08:41:50', 1, 1, 0, NULL, 'en', 0, NULL, NULL, NULL, NULL, NULL),
(15, 'Testing_Question', '2017-11-06 08:41:52', 1, 1, 0, NULL, 'en', 0, NULL, NULL, NULL, NULL, NULL),
(16, 'Testing_Question', '2017-11-06 08:41:53', 1, 1, 0, NULL, 'en', 0, NULL, NULL, NULL, NULL, NULL),
(17, 'Testing_Question', '2017-11-06 08:41:54', 1, 1, 0, NULL, 'en', 0, NULL, NULL, NULL, NULL, NULL),
(18, 'Testing_Question', '2017-11-06 08:41:56', 1, 1, 0, NULL, 'en', 0, NULL, NULL, NULL, NULL, NULL),
(19, 'Testing_Question', '2017-11-06 08:41:58', 1, 1, 0, NULL, 'en', 0, NULL, NULL, NULL, NULL, NULL),
(20, 'Testing_Question', '2017-11-06 08:42:00', 1, 1, 0, NULL, 'en', 0, NULL, NULL, NULL, NULL, NULL),
(21, 'Testing_Question', '2017-11-06 08:45:29', 1, 1, 0, NULL, 'en', 0, NULL, NULL, NULL, NULL, NULL),
(22, 'Testing_Question', '2017-11-06 08:45:31', 1, 1, 0, NULL, 'en', 0, NULL, NULL, NULL, NULL, NULL),
(23, 'drhydryredyry7777777', '2017-11-06 08:41:35', 2, 1, 0, 1, 'ar', 2, 'نعم واج واجبةنعم واجبةنعم واجبةنعم واجبةنعم واجبةنعم واجبةنعم واجبة ', 'q1.jpg', '', 'https://en.wikipedia.org/wiki/HH', NULL),
(24, 'fgjfgjgfj', '2017-11-22 08:11:35', 1, 1, 0, 1, 'ar', 0, NULL, NULL, NULL, NULL, NULL),
(32, 'سبسبشسب', '2017-11-22 08:11:48', 1, 1, 0, 1, 'ar', 0, NULL, NULL, NULL, NULL, NULL),
(33, 'فغهمهع\r\nعنعغ\r\nن\r\nعغنعغ\r\nن\r\nعغن\r\nغع\r\nن\r\nعغن\r\nعغنعغنعغن\r\nنع\r\nن\r\nعغنع', '2017-11-22 11:11:05', 1, 1, 0, 1, 'ar', 2, NULL, NULL, NULL, NULL, NULL),
(34, 'xvgsfgsgsdgsdgsdgsdgdsg', '2017-11-23 07:11:59', 1, 1, 0, 1, 'ar', 0, NULL, NULL, NULL, NULL, NULL),
(35, 'dfjyurtyhrtyt', '2017-11-23 08:11:02', 1, 2, 0, 1, 'ar', 0, NULL, NULL, NULL, NULL, NULL);

-- --------------------------------------------------------

--
-- Table structure for table `question_tag`
--

DROP TABLE IF EXISTS `question_tag`;
CREATE TABLE IF NOT EXISTS `question_tag` (
  `id` int(11) NOT NULL AUTO_INCREMENT,
  `questionId` int(11) NOT NULL,
  `tagId` int(11) NOT NULL,
  PRIMARY KEY (`id`)
) ENGINE=InnoDB AUTO_INCREMENT=3 DEFAULT CHARSET=utf8;

--
-- Dumping data for table `question_tag`
--

INSERT INTO `question_tag` (`id`, `questionId`, `tagId`) VALUES
(1, 6, 1),
(2, 6, 2);

-- --------------------------------------------------------

--
-- Table structure for table `tag`
--

DROP TABLE IF EXISTS `tag`;
CREATE TABLE IF NOT EXISTS `tag` (
  `id` int(11) NOT NULL AUTO_INCREMENT,
  `lang` varchar(2) NOT NULL,
  `tag` varchar(255) NOT NULL,
  `type` tinyint(4) NOT NULL,
  PRIMARY KEY (`id`)
) ENGINE=InnoDB AUTO_INCREMENT=1066 DEFAULT CHARSET=utf8;

--
-- Dumping data for table `tag`
--

INSERT INTO `tag` (`id`, `lang`, `tag`, `type`) VALUES
(1, 'ar', 'آداب الولادة', 0),
(2, 'ar', ' الإستعاذة', 0),
(3, 'ar', ' الإسلام', 0),
(4, 'ar', ' أركان الصلاة - أجزاء الصلاة', 0),
(5, 'ar', ' أحكام الصلاة', 0),
(6, 'ar', ' أقسام الصلاة', 0),
(7, 'ar', ' أفعال الصلاة', 0),
(8, 'ar', ' الإستخفاف في الصلاة', 0),
(9, 'ar', ' الأذان والإقامة', 0),
(10, 'ar', ' الأغسال الواجبة', 0),
(11, 'ar', ' الأغسال المندوبة', 0),
(12, 'ar', ' الإجهاض (سقط الجنين)', 0),
(13, 'ar', ' الإنجاب وعملية العقم', 0),
(14, 'ar', ' الإستنساخ البشري', 0),
(15, 'ar', ' إهداء الأعضاء', 0),
(16, 'ar', ' الأولاد', 0),
(17, 'ar', ' الإحتلام', 0),
(18, 'ar', ' الإستمناء (العادة السرية)', 0),
(19, 'ar', ' الإستبراء', 0),
(20, 'ar', ' الإستنجاء', 0),
(21, 'ar', ' الإستحاضة', 0),
(22, 'ar', ' أحكام المياه', 0),
(23, 'ar', ' أهل البيت (ع)', 0),
(24, 'ar', ' أوقات الفرائض اليومية', 0),
(25, 'ar', ' أهل الكتاب', 0),
(26, 'ar', ' الأنفحة والأنزيمات', 0),
(27, 'ar', ' الأضحية', 0),
(28, 'ar', ' آداب المائدة', 0),
(29, 'ar', ' إستعمال المنشطات', 0),
(30, 'ar', ' الإسراف والتبذير', 0),
(31, 'ar', ' الإحتكار', 0),
(32, 'ar', ' الإرتداد', 0),
(33, 'ar', ' الإعتكاف', 0),
(34, 'ar', ' الإستصحاب', 0),
(35, 'ar', ' الإقرار', 0),
(36, 'ar', ' الإجتهاد', 0),
(37, 'ar', ' الإستعارة', 0),
(38, 'ar', ' إبراء الذمة', 0),
(39, 'ar', ' الإستثمار', 0),
(40, 'ar', ' الألعاب الرياضيّة', 0),
(41, 'ar', ' الألعاب الألكترونية', 0),
(42, 'ar', ' آلات اللهو والطرب', 0),
(43, 'ar', ' الأقمار الصناعية (الستلايت)', 0),
(44, 'ar', ' الأفلام', 0),
(45, 'ar', ' الإنترنت', 0),
(46, 'ar', ' الأناشيد الاسلامية', 0),
(47, 'ar', ' الأعياد و المناسبات', 0),
(48, 'ar', ' الإختلاط بين الجنسين', 0),
(49, 'ar', ' الأمر بالمعروف والنهي عن المنكر', 0),
(50, 'ar', ' أموال الدولة', 0),
(51, 'ar', ' إحياء الأراضي الموات', 0),
(52, 'ar', ' إستنساخ البرامج', 0),
(53, 'ar', ' الأجرة', 0),
(54, 'ar', ' الإجارة', 0),
(55, 'ar', ' الإنقلاب (المطهّرات)', 0),
(56, 'ar', ' الإنتقال (المطهرات)', 0),
(57, 'ar', ' الإستحالة (المطهرات)', 0),
(58, 'ar', ' الإحرام بالنذر في الحج', 0),
(59, 'ar', ' الإستخارة', 0),
(60, 'ar', ' إحضار الأرواح', 0),
(61, 'ar', ' الإحتضار', 0),
(62, 'ar', ' الأحكام الشرعية', 0),
(63, 'ar', ' أحكام المفقود زوجها', 0),
(64, 'ar', ' الأحكام', 0),
(65, 'ar', ' أولياء عقد النكاح', 0),
(66, 'ar', ' الإعتمادات', 0),
(67, 'ar', ' الأشجار', 0),
(68, 'ar', ' أحكام المسافر', 0),
(69, 'ar', ' الأوزان الشرعية', 0),
(70, 'ar', ' الإقالة', 0),
(71, 'ar', ' آداب التجارة', 0),
(72, 'ar', ' الإيلاء', 0),
(73, 'ar', ' أحكام المجنون', 0),
(74, 'ar', ' أحكام اليتيم', 0),
(75, 'ar', ' أحكام الفصل (الفصل العشائري)', 0),
(76, 'ar', ' الإكرامية', 0),
(77, 'ar', ' الإنفاق والبذل', 0),
(78, 'ar', ' آداب دخول مكة المكرمة في الحج', 0),
(79, 'ar', ' آداب الطواف في الحج', 0),
(80, 'ar', ' آداب صلاة الطواف في الحج', 0),
(81, 'ar', ' آداب السعي في الحج', 0),
(82, 'ar', ' آداب الإحرام بعرفات في الحج', 0),
(83, 'ar', ' آداب الوقوف بعرفات في الحج', 0),
(84, 'ar', ' آداب الوقوف بالمزدلفة في الحج', 0),
(85, 'ar', ' آداب رمي الجمرات في الحج', 0),
(86, 'ar', ' آداب مكة المعظمة في الحج', 0),
(87, 'ar', ' الأعيان النجسة', 0),
(88, 'ar', ' آداب شرب الماء', 0),
(89, 'ar', ' آداب الأكل', 0),
(90, 'ar', ' آداب الزواج', 0),
(91, 'ar', ' آداب المدينة المنورة في الحج', 0),
(92, 'ar', ' آداب يوم عرفة في الحج', 0),
(93, 'ar', ' أحكام المرأة في العمرة والحج', 0),
(94, 'ar', ' الأجبان والألبان', 0),
(95, 'ar', ' الأسماك', 0),
(96, 'ar', ' أحكام المسلوس والمبطون', 0),
(97, 'ar', ' الإيداع في البنوك', 0),
(98, 'ar', ' أهل الخبرة', 0),
(99, 'ar', ' إزالة الشعر', 0),
(100, 'ar', ' الأسآر', 0),
(101, 'ar', ' أكل الطين والتراب', 0),
(102, 'ar', ' الأسماك المعلبة', 0),
(103, 'ar', ' إحترام النعمة', 0),
(104, 'ar', ' إطلاق العيارات النارية', 0),
(105, 'ar', ' الإستظهار في الحيض', 0),
(106, 'ar', ' الإعراض عن الوطن', 0),
(107, 'ar', ' الإستطاعة البذلية في الحج', 0),
(108, 'ar', ' الأرش', 0),
(109, 'ar', ' أموال غير المسلمين', 0),
(110, 'ar', ' أخذ الرواتب بطرق غير مشروعة', 0),
(111, 'ar', ' إذلال المسلم لنفسه', 0),
(112, 'ar', ' الإصلاح بين الناس وحلِّ خلافاتهم', 0),
(113, 'ar', ' إنقطاع أحد الزوجين عن زوجه', 0),
(114, 'ar', ' إسقاط الحمل', 0),
(115, 'ar', ' الألعاب المحرّمة', 0),
(116, 'ar', ' إيقاظ النائم للصلاة', 0),
(117, 'ar', ' الأدوية الطبية', 0),
(118, 'ar', ' إيفاد الموظفين', 0),
(119, 'ar', ' الإدخار', 0),
(120, 'ar', ' إجارة الرحم', 0),
(121, 'ar', ' الأنهار الكبار', 0),
(122, 'ar', ' أحكام العيب ( النكاح )', 0),
(123, 'ar', ' الإفطار حسب إعلان الحكومة', 0),
(124, 'ar', ' الإفطار مع العامة', 0),
(125, 'ar', ' الأشخاص المرخص لهم ( الصوم )', 0),
(126, 'ar', ' الافطار في بداية سن التكليف (الصوم )', 0),
(127, 'ar', ' الافطار في صوم القضاء', 0),
(128, 'ar', ' المراسلات من خلال شبكات التواصل العالمية ( الإنترنيت )', 0),
(129, 'ar', ' الأعمال غير المناسبة في شهري محرم وصفر', 0),
(130, 'ar', ' الإستطاعة في الحج', 0),
(131, 'ar', ' البيع والشراء', 0),
(132, 'ar', ' بيع السندات', 0),
(133, 'ar', ' بيع الأعضاء', 0),
(134, 'ar', ' بيع الآثار', 0),
(135, 'ar', ' بيع السلف', 0),
(136, 'ar', ' بيع الأجل', 0),
(137, 'ar', ' بيع الشرط', 0),
(138, 'ar', ' البلوغ في الذكر والأنثى', 0),
(139, 'ar', ' البكاء', 0),
(140, 'ar', ' البورصة', 0),
(141, 'ar', ' بيع الثمار والخضر والزرع', 0),
(142, 'ar', ' البهائم', 0),
(143, 'ar', ' بيع الحيوان', 0),
(144, 'ar', ' بيع الصرف', 0),
(145, 'ar', ' البيع الفضولي', 0),
(146, 'ar', ' بيع الأسهم', 0),
(147, 'ar', ' بيع العملات', 0),
(148, 'ar', ' بيع الذهب', 0),
(149, 'ar', ' بيع الدم', 0),
(150, 'ar', ' بيع الخمور', 0),
(151, 'ar', ' بيع اللحوم', 0),
(152, 'ar', ' البقاء على تقليد الميت', 0),
(153, 'ar', ' البلاد الإسلامية', 0),
(154, 'ar', ' بيع المعاطاة', 0),
(155, 'ar', ' بيع العرية', 0),
(156, 'ar', ' البهتان', 0),
(157, 'ar', ' بيع الكلاب', 0),
(158, 'ar', ' بيع لحم الخنزير', 0),
(159, 'ar', ' بيع الأحجار', 0),
(160, 'ar', ' بيع الصكوك', 0),
(161, 'ar', ' بيع المشتقات النفطية', 0),
(162, 'ar', ' بيع الجلود', 0),
(163, 'ar', ' بيع الميتة', 0),
(164, 'ar', ' بيع السجل التجاري', 0),
(165, 'ar', ' بيع الآلآت الموسيقية', 0),
(166, 'ar', ' بيع أوراق اليانصيب', 0),
(167, 'ar', ' بيع المخدرات', 0),
(168, 'ar', ' بيع المصحف الكريم', 0),
(169, 'ar', ' بيع الأدوية', 0),
(170, 'ar', ' بيع المجلات والأفلام الخليعة', 0),
(171, 'ar', ' البيع على الأرصفة العامة', 0),
(172, 'ar', ' بيع النسيئة', 0),
(173, 'ar', ' بطافة الائتمان', 0),
(174, 'ar', ' التسليم في الصلاة', 0),
(175, 'ar', ' التشهّد في الصلاة', 0),
(176, 'ar', ' التقليد', 0),
(177, 'ar', ' تكبيرة الإحرام في الصلاة', 0),
(178, 'ar', ' الترتيب في الصلاة', 0),
(179, 'ar', ' التعقيبات في الصلاة', 0),
(180, 'ar', ' التسبيحات في الصلاة', 0),
(181, 'ar', ' تارك الصلاة', 0),
(182, 'ar', ' التيمم', 0),
(183, 'ar', ' التحية والسلام', 0),
(184, 'ar', ' التقبيل', 0),
(185, 'ar', ' تسمية الأبناء', 0),
(186, 'ar', ' التصفيق', 0),
(187, 'ar', ' تربية الأولاد', 0),
(188, 'ar', ' التبنّي', 0),
(189, 'ar', ' التدريس', 0),
(190, 'ar', ' التلفزيون', 0),
(191, 'ar', ' التمثيل والمسرح', 0),
(192, 'ar', ' التصوير والصور', 0),
(193, 'ar', ' تحنيط الميت', 0),
(194, 'ar', ' التماثيل', 0),
(195, 'ar', ' التنجيم', 0),
(196, 'ar', ' تكفين الميت', 0),
(197, 'ar', ' تسخير الجن', 0),
(198, 'ar', ' تشريح الأعضاء', 0),
(199, 'ar', ' ترقيع الأعضاء', 0),
(200, 'ar', ' التلقيح الصناعي', 0),
(201, 'ar', ' التدليس', 0),
(202, 'ar', ' التعرّب بعد الهجرة', 0),
(203, 'ar', ' التأمين في العقود', 0),
(204, 'ar', ' التقية', 0),
(205, 'ar', ' التمكين', 0),
(206, 'ar', ' التدخين', 0),
(207, 'ar', ' التزوير', 0),
(208, 'ar', ' التخلي', 0),
(209, 'ar', ' التبرّعات', 0),
(210, 'ar', ' التعامل مع الشركات', 0),
(211, 'ar', ' التظليل في الحج', 0),
(212, 'ar', ' التجويد', 0),
(213, 'ar', ' تغيير الجنسية', 0),
(214, 'ar', ' التبعية', 0),
(215, 'ar', ' التوسل', 0),
(216, 'ar', ' التحدث مع الأجنبي', 0),
(217, 'ar', ' التحف والآثار', 0),
(218, 'ar', ' التعويض', 0),
(219, 'ar', ' التورية', 0),
(220, 'ar', ' التوظيف لدي الحكومة', 0),
(221, 'ar', ' التجارة', 0),
(222, 'ar', ' تعدد الزوجات', 0),
(223, 'ar', ' التربة الحسينية', 0),
(224, 'ar', ' ترخيص الإفطار في الصوم', 0),
(225, 'ar', ' التذكية في الحيوانات', 0),
(226, 'ar', ' تحنيط الحيوان', 0),
(227, 'ar', ' التزاحم بين واجبين', 0),
(228, 'ar', ' تارك الصوم', 0),
(229, 'ar', ' التدخين في الصوم', 0),
(230, 'ar', ' التكفير في الصلاة', 0),
(231, 'ar', ' التبعيض في التقليد', 0),
(232, 'ar', ' ترك الواجبات', 0),
(233, 'ar', ' التجسّس', 0),
(234, 'ar', ' التبرّع بالدم', 0),
(235, 'ar', ' الترتيب في الوضوء', 0),
(236, 'ar', ' التجافي في الصلاة', 0),
(237, 'ar', ' التبليغ والدعوة', 0),
(238, 'ar', ' تارك الحج', 0),
(239, 'ar', ' التقيّد بالأحكام والقوانين', 0),
(240, 'ar', ' التجارة في الخمور', 0),
(241, 'ar', ' تشييع الميت', 0),
(242, 'ar', ' التزاور بين المؤمنين', 0),
(243, 'ar', ' التربية الجنسية', 0),
(244, 'ar', ' التثبيت في الوضوء', 0),
(245, 'ar', ' التهاون في أداء الصلاة', 0),
(246, 'ar', ' تبديل الطحين بالخبز', 0),
(247, 'ar', ' تأجير العملة', 0),
(248, 'ar', ' تأخير قضاء الصوم', 0),
(249, 'ar', ' تناول المفطر نسياناً ( الصوم )', 0),
(250, 'ar', ' ترك الصوم تقية', 0),
(251, 'ar', ' التيمم بدل الغسل في شهر رمضان ( الصوم )', 0),
(252, 'ar', ' التبذير في طبخ الطعام', 0),
(253, 'ar', ' الثيّب', 0),
(254, 'ar', ' ثواب الأعمال', 0),
(255, 'ar', ' ثواب النصيحة', 0),
(256, 'ar', ' الجهر والإخفات في الصلاة', 0),
(257, 'ar', ' الجمع بين الصلاتين', 0),
(258, 'ar', ' الجمعيات والأسهم', 0),
(259, 'ar', ' الجمعيات التعاونية', 0),
(260, 'ar', ' الجعالة', 0),
(261, 'ar', ' الجوائز', 0),
(262, 'ar', ' الجماع', 0),
(263, 'ar', ' الجنابة', 0),
(264, 'ar', ' الجبيرة', 0),
(265, 'ar', ' الجلود', 0),
(266, 'ar', ' الجهاد', 0),
(267, 'ar', ' الجيلاتين', 0),
(268, 'ar', ' جلسة الإستراحة في الصلاة', 0),
(269, 'ar', ' الجنابة في نهار شهر رمضان المبارك', 0),
(270, 'ar', ' الجلوس على مائدة يقدم عليها الخمر', 0),
(271, 'ar', ' الجمع بين حكم النساء والمستحاضة في الصوم', 0),
(272, 'ar', ' الحج', 0),
(273, 'ar', ' حج التمتع', 0),
(274, 'ar', ' حج الإفراد', 0),
(275, 'ar', ' حج القران', 0),
(276, 'ar', ' الحج الإستئجاري', 0),
(277, 'ar', ' الحج النيابي', 0),
(278, 'ar', ' الحج البذلي', 0),
(279, 'ar', ' الحلق والتقصير في الحج', 0),
(280, 'ar', ' الحرمين الشريفين', 0),
(281, 'ar', ' حدود الحرمين الشريفين', 0),
(282, 'ar', ' الحجاب', 0),
(283, 'ar', ' الحديث مع الأجنبي', 0),
(284, 'ar', ' الحب بين الجنسين', 0),
(285, 'ar', ' الحقوق الشرعية', 0),
(286, 'ar', ' حقوق الوالدين', 0),
(287, 'ar', ' حقوق الأبناء', 0),
(288, 'ar', ' الحقوق الزوجية', 0),
(289, 'ar', ' حقوق التأليف والطباعة', 0),
(290, 'ar', ' الحق العام', 0),
(291, 'ar', ' حق الجار', 0),
(292, 'ar', '  الحضانة', 0),
(293, 'ar', ' الحمل وموانع الحمل', 0),
(294, 'ar', ' الحيض', 0),
(295, 'ar', ' الحجامة', 0),
(296, 'ar', ' حلق اللحية', 0),
(297, 'ar', ' الحوالات المصرفية', 0),
(298, 'ar', ' الحجر', 0),
(299, 'ar', ' الحبوة', 0),
(300, 'ar', ' الحسد', 0),
(301, 'ar', ' الحيوانات', 0),
(302, 'ar', ' الحملدارية في الحج', 0),
(303, 'ar', ' حيوان البحر', 0),
(304, 'ar', ' الحج البلدي والميقاتي', 0),
(305, 'ar', ' حج الصبي', 0),
(306, 'ar', ' الحائض وتلاوة القران', 0),
(307, 'ar', ' الحداد في العدة', 0),
(308, 'ar', ' حُبُّ المال والحرص على الدّنيا', 0),
(309, 'ar', ' الحج والإمتحان والزواج', 0),
(310, 'ar', ' الحدائق العامة', 0),
(311, 'ar', ' حف الوجه والحاجب', 0),
(312, 'ar', ' حضور القلب في الصلاة', 0),
(313, 'ar', ' حكم المطاف الجديد', 0),
(314, 'ar', ' الخطوبة', 0),
(315, 'ar', ' الختان', 0),
(316, 'ar', ' الخمس', 0),
(317, 'ar', ' الخمس في الحج', 0),
(318, 'ar', ' الخلوة مع الأجنبي', 0),
(319, 'ar', ' الخرطات التسعة', 0),
(320, 'ar', ' الخشوع في الصلاة', 0),
(321, 'ar', ' الخلل في الصلاة', 0),
(322, 'ar', ' الخيارات في العقود', 0),
(323, 'ar', ' خيار العيب', 0),
(324, 'ar', ' خيار الغبن', 0),
(325, 'ar', ' الخلل في الوضوء', 0),
(326, 'ar', ' خيار المجلس', 0),
(327, 'ar', ' خيار الحيوان', 0),
(328, 'ar', ' خيار التأخير', 0),
(329, 'ar', ' الخلع في الطلاق', 0),
(330, 'ar', ' الخضاب', 0),
(331, 'ar', ' دفن الميت', 0),
(332, 'ar', ' الدعاء', 0),
(333, 'ar', '  الدية', 0),
(334, 'ar', ' الدّين', 0),
(335, 'ar', ' دائم الحدث', 0),
(336, 'ar', ' دفع الغرامات', 0),
(337, 'ar', ' الدماء الثلاثة', 0),
(338, 'ar', ' دية الجنين', 0),
(339, 'ar', ' الدم في البيض', 0),
(340, 'ar', ' دفن الميت في مقابر الكفار', 0),
(341, 'ar', ' الذكر في الصلاة', 0),
(342, 'ar', ' الذباحة', 0),
(343, 'ar', ' الذبح في الحج', 0),
(344, 'ar', ' ردّ السلام', 0),
(345, 'ar', ' رد المظالم', 0),
(346, 'ar', ' ردّ الأمانة', 0),
(347, 'ar', ' رؤية الهلال', 0),
(348, 'ar', ' رؤية الأفلام', 0),
(349, 'ar', ' رؤية الأحلام', 0),
(350, 'ar', ' الرقص', 0),
(351, 'ar', ' الرسم', 0),
(352, 'ar', ' الرهن', 0),
(353, 'ar', ' الرهان', 0),
(354, 'ar', ' الرشوة', 0),
(355, 'ar', ' الربا', 0),
(356, 'ar', ' الركوع في الصلاة', 0),
(357, 'ar', ' الرضاع', 0),
(358, 'ar', ' الرجعة في الطلاق', 0),
(359, 'ar', ' الرياء', 0),
(360, 'ar', ' ركوب الدراجة للمرأة', 0),
(361, 'ar', ' رياضة السيدات', 0),
(362, 'ar', ' الراتب التقاعدي', 0),
(363, 'ar', ' الزواج الدائم', 0),
(364, 'ar', ' الزواج العرفي', 0),
(365, 'ar', ' الزواج المدني', 0),
(366, 'ar', ' الزنا', 0),
(367, 'ar', ' الزينة', 0),
(368, 'ar', ' الزكاة', 0),
(369, 'ar', ' زكاة الفطرة', 0),
(370, 'ar', ' الزيارة', 0),
(371, 'ar', ' زكاة النقدين', 0),
(372, 'ar', ' زكاة الغلات', 0),
(373, 'ar', ' زينة المرأة', 0),
(374, 'ar', ' زراعة الأعضاء البشرية والحيوانية', 0),
(375, 'ar', ' زيت السمك', 0),
(376, 'ar', ' زكاة الأموال', 0),
(377, 'ar', ' توجيهات بخصوص زيارة أربعين الإمام الحسين ( عليه السلام )', 0),
(378, 'ar', ' السجود في الصلاة', 0),
(379, 'ar', ' السهو في الصلاة', 0),
(380, 'ar', ' سجود السهو', 0),
(381, 'ar', ' السباحة', 0),
(382, 'ar', ' السياحة', 0),
(383, 'ar', ' سباق الخيل', 0),
(384, 'ar', ' السياقة', 0),
(385, 'ar', ' سور العزائم', 0),
(386, 'ar', ' السحر', 0),
(387, 'ar', ' السرقة', 0),
(388, 'ar', ' السحاق', 0),
(389, 'ar', ' السينما', 0),
(390, 'ar', ' السعي في الحج', 0),
(391, 'ar', ' السب', 0),
(392, 'ar', ' سهم الإمام', 0),
(393, 'ar', ' السهام', 0),
(394, 'ar', ' السرقفلية', 0),
(395, 'ar', ' الستر والساتر في الصلاة', 0),
(396, 'ar', ' الستر', 0),
(397, 'ar', ' السبق في المعاملات', 0),
(398, 'ar', ' السفه', 0),
(399, 'ar', ' السلف', 0),
(400, 'ar', ' سجدة التلاوة', 0),
(401, 'ar', ' سفر الغريم', 0),
(402, 'ar', ' السحب على المكشوف', 0),
(403, 'ar', ' السفر المحرّم', 0),
(404, 'ar', ' سكّر الكحول', 0),
(405, 'ar', ' السحت', 0),
(406, 'ar', ' سفر المؤمن إلى بلد غير إسلامي', 0),
(407, 'ar', ' سوء الظن', 0),
(408, 'ar', ' السنن في الوضوء', 0),
(409, 'ar', ' السجود على المحارم الورقية', 0),
(410, 'ar', ' السمك', 0),
(411, 'ar', ' الشعائر الحسينية', 0),
(412, 'ar', ' الشكوك في الصلاة', 0),
(413, 'ar', ' الشكوك', 0),
(414, 'ar', ' الشر كة', 0),
(415, 'ar', ' الشركات الأجنبية', 0),
(416, 'ar', ' الشفعة', 0),
(417, 'ar', ' الشعر', 0),
(418, 'ar', ' الشطرنج', 0),
(419, 'ar', ' الشهادات', 0),
(420, 'ar', ' الشرائط في الوضوء', 0),
(421, 'ar', ' شراب الشعير (ماء الشعير)', 0),
(422, 'ar', ' الشعر الصناعي', 0),
(423, 'ar', ' شهادة الزور', 0),
(424, 'ar', ' الشرط الضمني والتعهد الضمني', 0),
(425, 'ar', ' شروط فيمن يغسِّل الميت', 0),
(426, 'ar', ' شارب الخمر', 0),
(427, 'ar', ' الشك في صحّة الصوم', 0),
(428, 'ar', ' الصلاة في المسجد', 0),
(429, 'ar', ' الصلاة في القطار والسيارة', 0),
(430, 'ar', ' الصلاة في الطائرة', 0),
(431, 'ar', ' الصلاة في القطب', 0),
(432, 'ar', ' الصلاة الإستئجارية والنيابية', 0),
(433, 'ar', ' صلاة المريض', 0),
(434, 'ar', ' صلاة الميت', 0),
(435, 'ar', ' صلاة الوحشة', 0),
(436, 'ar', ' صلاة الوالدين', 0),
(437, 'ar', ' صلاة الغفيلة', 0),
(438, 'ar', ' صلاة الآيات', 0),
(439, 'ar', ' صلاة الليل', 0),
(440, 'ar', ' صلاة الإستخارة', 0),
(441, 'ar', ' صلاة الجمعة', 0),
(442, 'ar', ' صلاة العيد', 0),
(443, 'ar', ' صلاة عيد الأضحى', 0),
(444, 'ar', ' صلاة الإحتياط', 0),
(445, 'ar', ' صلاة الإستسقاء', 0),
(446, 'ar', ' صلاة الطواف في الحج', 0),
(447, 'ar', ' الصلوات المستحبة', 0),
(448, 'ar', ' الصلوات المندوبة', 0),
(449, 'ar', ' صوم المريض', 0),
(450, 'ar', ' صوم الحامل', 0),
(451, 'ar', ' صوم المرضع', 0),
(452, 'ar', ' صوم النذر', 0),
(453, 'ar', ' صوم يوم عاشوراء', 0),
(454, 'ar', ' صوم القضاء', 0),
(455, 'ar', ' صوم العيدين (الفطر والأضحى)', 0),
(456, 'ar', ' الصوم المستحب', 0),
(457, 'ar', ' الصوم الإستئجاري والنيابي', 0),
(458, 'ar', ' الصدقة', 0),
(459, 'ar', ' صلة الأرحام', 0),
(460, 'ar', ' الصداقة', 0),
(461, 'ar', ' الصلح', 0),
(462, 'ar', ' الصيد', 0),
(463, 'ar', ' الصور والتصوير', 0),
(464, 'ar', ' صبغ الشعر', 0),
(465, 'ar', ' الصحافة', 0),
(466, 'ar', ' الصلاة في البحر', 0),
(467, 'ar', ' صوت المرأة', 0),
(468, 'ar', ' الصلاة من جلوس', 0),
(469, 'ar', ' صلاة الرجل محاذاة المرأة', 0),
(470, 'ar', ' صور المعصومين (ع)', 0),
(471, 'ar', ' صلاة المرأة في المسجد', 0),
(472, 'ar', ' صوم الشيخ والشيخة', 0),
(473, 'ar', ' صوم يوم عرفة', 0),
(474, 'ar', ' صوم الصمت', 0),
(475, 'ar', ' صناعة الخلّ', 0),
(476, 'ar', ' الصلاة بالحاجيات الجلدية', 0),
(477, 'ar', ' صورة المرأة', 0),
(478, 'ar', ' صوم أيام التشريق', 0),
(479, 'ar', ' صوم الدهر', 0),
(480, 'ar', ' الصلاة والصوم للمجنون والمغمى عليه', 0),
(481, 'ar', ' الصلاة على الكرسي', 0),
(482, 'ar', ' الصلاة والصوم للأبكم والأصم', 0),
(483, 'ar', ' صوم كثير السفر', 0),
(484, 'ar', ' الصلاة والصوم لطلاب الجامعة', 0),
(485, 'ar', ' الصوم والضعف', 0),
(486, 'ar', ' الصوم وترطيب الشفتين', 0),
(487, 'ar', ' الصوم والسباحة', 0),
(488, 'ar', ' الصوم والبخّاخ والمغذي', 0),
(489, 'ar', ' الصوم وتنظيف الأسنان بالفرشاة', 0),
(490, 'ar', ' الصوم والإحتقان والتحاميل', 0),
(491, 'ar', ' الصوم وإبتلاع القشع (البلغم)', 0),
(492, 'ar', ' الصوم في المناطق الشمالية للكرة الأرضية', 0),
(493, 'ar', ' الصوم وأصحاب المهن الشاقة', 0),
(494, 'ar', ' الصوم والبلوغ', 0),
(495, 'ar', ' صوم الحائض والنفساء', 0),
(496, 'ar', ' الصائم وقراءة القران', 0),
(497, 'ar', ' الصوم وخروج الدم من اللثة والأسنان', 0),
(498, 'ar', ' الصوم وحكم التقيؤ والتجشؤ والمضمضة', 0),
(499, 'ar', ' الصوم وحكم العطر والكحل', 0),
(500, 'ar', ' صوم ستة أيّام من شوال', 0),
(501, 'ar', ' الصوم والامتحانات المدرسية', 0),
(502, 'ar', ' الصيام عن الميت ممن عليه القضاء', 0),
(503, 'ar', ' صوم المسافر', 0),
(504, 'ar', ' صوم قضاء الحاجة', 0),
(505, 'ar', ' الصوم ومضغ العلك', 0),
(506, 'ar', ' الصوم وترطيب الشفاه', 0),
(507, 'ar', ' صوم الوصال', 0),
(508, 'ar', ' الصوم والعادة السريّة ( الاستمناء )', 0),
(509, 'ar', ' الصوم والتدخين', 0),
(510, 'ar', ' الضمان', 0),
(511, 'ar', ' الضرب', 0),
(512, 'ar', ' الضالة', 0),
(513, 'ar', ' ضراب الفحل', 0),
(514, 'ar', ' الضوابط القانونية', 0),
(515, 'ar', ' الطهارة', 0),
(516, 'ar', ' الطلاق', 0),
(517, 'ar', ' الطلاق البائن', 0),
(518, 'ar', ' الطلاق الرجعي', 0),
(519, 'ar', ' الطلاق الخلعي', 0),
(520, 'ar', ' طلاق المباراة', 0),
(521, 'ar', ' الطواف في الحج', 0),
(522, 'ar', ' طواف النساء في الحج', 0),
(523, 'ar', ' طواف الوداع في الحج', 0),
(524, 'ar', ' طاعة الوالدين', 0),
(525, 'ar', ' الطب الروحاني', 0),
(526, 'ar', ' الطلاسم', 0),
(527, 'ar', ' الطيور', 0),
(528, 'ar', ' الطلاق البدعي', 0),
(529, 'ar', ' الطلاق السنّي', 0),
(530, 'ar', ' طلاء الأظافر', 0),
(531, 'ar', ' الطلاء بالحناء', 0),
(532, 'ar', ' الطب', 0),
(533, 'ar', ' الظلم', 0),
(534, 'ar', ' الظهار', 0),
(535, 'ar', ' العقيقة', 0),
(536, 'ar', ' العارية', 0),
(537, 'ar', ' العهد', 0),
(538, 'ar', ' العورة', 0),
(539, 'ar', ' العمرة المفردة', 0),
(540, 'ar', ' عمرة التمتع', 0),
(541, 'ar', ' العمل', 0),
(542, 'ar', ' العطور', 0),
(543, 'ar', ' عمليات التجميل', 0),
(544, 'ar', ' العملات الأجنبية', 0),
(545, 'ar', ' العلاقات بين الجنسين', 0),
(546, 'ar', ' العتبات المقدسة', 0),
(547, 'ar', ' العقود', 0),
(548, 'ar', ' العقد الفضولي', 0),
(549, 'ar', ' العمولة', 0),
(550, 'ar', ' العمل في الدوائر', 0),
(551, 'ar', ' عقوق الوالدين', 0),
(552, 'ar', ' عمل المرأة خارج البيت', 0),
(553, 'ar', ' العمل في البنوك', 0),
(554, 'ar', ' عرق الجنب', 0),
(555, 'ar', ' العدسات اللاصقة', 0),
(556, 'ar', ' العدة في الوفاة', 0),
(557, 'ar', ' العدة الرجعية', 0),
(558, 'ar', ' العلاقات مع غير المسلمين', 0),
(559, 'ar', ' عصير العنب', 0),
(560, 'ar', ' العربون في البيع والشراء', 0),
(561, 'ar', ' العمل في الكمارك', 0),
(562, 'ar', ' عمل المرأة في التمريض', 0),
(563, 'ar', ' العمل في مقاهي الإنترنت', 0),
(564, 'ar', ' العمل الأسود في بلاد الغرب', 0),
(565, 'ar', ' غسل الجنابة', 0),
(566, 'ar', ' الغسل الترتيبي', 0),
(567, 'ar', ' الغسل الإرتماسي', 0),
(568, 'ar', ' غسل الحيض والنفاس', 0),
(569, 'ar', ' الغسل المستحب', 0),
(570, 'ar', ' غسل الجمعة', 0),
(571, 'ar', ' غسل الميت', 0),
(572, 'ar', ' الغَسل', 0),
(573, 'ar', ' الغيبة', 0),
(574, 'ar', ' الغش في المعاملات', 0),
(575, 'ar', ' الغناء', 0),
(576, 'ar', ' الغزل في الشعر', 0),
(577, 'ar', ' الغصب', 0),
(578, 'ar', ' الغسالات الكهربائية', 0),
(579, 'ar', ' الغش في الإمتحان', 0),
(580, 'ar', ' الفوائد المصرفية (البنوك)', 0),
(581, 'ar', ' الفحص الجيني', 0),
(582, 'ar', ' فاقد الطهورين', 0),
(583, 'ar', ' فحص الطبيب للمريضة الأجنبية', 0),
(584, 'ar', ' الفتاة الباكر', 0),
(585, 'ar', ' الفقاع', 0),
(586, 'ar', ' القيام في الصلاة', 0),
(587, 'ar', ' القنوت في الصلاة', 0),
(588, 'ar', ' القواطع في الصلاة', 0),
(589, 'ar', ' قراءة الغزل', 0),
(590, 'ar', ' قراءة الفنجان', 0),
(591, 'ar', ' قراءة الكف', 0),
(592, 'ar', ' قراءة الأبراج', 0),
(593, 'ar', ' القبور', 0),
(594, 'ar', ' القضاء', 0),
(595, 'ar', ' القصاص', 0),
(596, 'ar', ' القذف (الزوج والزوجة)', 0),
(597, 'ar', ' القنوات الفضائية', 0),
(598, 'ar', ' القواطع في السفر', 0),
(599, 'ar', ' القسمة والنصيب', 0),
(600, 'ar', ' القيمومة', 0),
(601, 'ar', ' القرعة', 0),
(602, 'ar', ' قضاء الأجزاء المنسيّة في الصلاة', 0),
(603, 'ar', ' القسمة', 0),
(604, 'ar', ' القيمة السوقية', 0),
(605, 'ar', ' قتل الحشرات', 0),
(606, 'ar', ' قراءة القصص', 0),
(607, 'ar', ' قضاء الصوم في الأيام المستحبة', 0),
(608, 'ar', ' الكذب', 0),
(609, 'ar', ' الكفر والكفار', 0),
(610, 'ar', ' كثير الشك', 0),
(611, 'ar', ' الكفالة', 0),
(612, 'ar', '  الكمبيالات', 0),
(613, 'ar', ' الكبائر', 0),
(614, 'ar', ' كشف الأسرار', 0),
(615, 'ar', ' الكفارة في الحلف بالله', 0),
(616, 'ar', ' كتب تحتوي على أسماء مباركة', 0),
(617, 'ar', ' كيفية تشخيص المجتهد الأعلم', 0),
(618, 'ar', ' كيفية تطهير الثوب أو الفراش المتنجّس', 0),
(619, 'ar', ' كيفية تطهير اللباس المتنجّس بالخمر', 0),
(620, 'ar', ' الكحل في العينين', 0),
(621, 'ar', ' كفّارة الصوم', 0),
(622, 'ar', ' كيفيّة قضاء الصوم', 0),
(623, 'ar', ' لباس المرأة', 0),
(624, 'ar', ' لبس الذهب للرجال', 0),
(625, 'ar', ' لبس الخاتم', 0),
(626, 'ar', ' اللمس', 0),
(627, 'ar', ' اللواط', 0),
(628, 'ar', ' اللعان', 0),
(629, 'ar', ' اللقيط', 0),
(630, 'ar', ' لبس النقاب', 0),
(631, 'ar', ' اللحوم المعلّبة', 0),
(632, 'ar', ' لباس الشهرة', 0),
(633, 'ar', ' اللحوم', 0),
(634, 'ar', ' لبس الحرير للرجال', 0),
(635, 'ar', ' لعب الأطفال', 0),
(636, 'ar', ' الليزر', 0),
(637, 'ar', ' المعاملات المحرّمة', 0),
(638, 'ar', ' المعاملات المكروهة', 0),
(639, 'ar', ' المزارعة', 0),
(640, 'ar', ' المساقاة', 0),
(641, 'ar', ' المضاربة', 0),
(642, 'ar', ' المصافحة', 0),
(643, 'ar', ' المعانقة', 0),
(644, 'ar', ' المصارعة', 0),
(645, 'ar', ' المداعبة', 0),
(646, 'ar', ' المراسلة', 0),
(647, 'ar', ' المحاماة', 0),
(648, 'ar', ' المهر', 0),
(649, 'ar', ' المحبة', 0),
(650, 'ar', ' المسابقات', 0),
(651, 'ar', ' مجالس الأعراس', 0),
(652, 'ar', ' مكان المصلي', 0),
(653, 'ar', ' المكروهات في الصلاة', 0),
(654, 'ar', ' المكروهات في الصوم', 0),
(655, 'ar', ' متعة الحج', 0),
(656, 'ar', ' المبيت في منى في الحج', 0),
(657, 'ar', ' المحصور في الحج', 0),
(658, 'ar', ' المصدود في الحج', 0),
(659, 'ar', ' مستحبات الإحرام في الحج', 0),
(660, 'ar', ' مكروهات الإحرام في الحج', 0),
(661, 'ar', ' محرمات الإحرام في الحج', 0),
(662, 'ar', ' المطهّرات', 0),
(663, 'ar', ' الموالاة في الوضوء والصلاة', 0),
(664, 'ar', ' مس الميت', 0),
(665, 'ar', ' المساجد', 0),
(666, 'ar', ' المخدرات', 0),
(667, 'ar', ' المحارم', 0),
(668, 'ar', ' مجهول المالك', 0),
(669, 'ar', ' ملك اليمين', 0),
(670, 'ar', ' الماء الكر', 0),
(671, 'ar', ' المخاصمة', 0),
(672, 'ar', ' موجبات حرمة النكاح', 0),
(673, 'ar', ' المشتركات', 0),
(674, 'ar', ' المياه', 0),
(675, 'ar', ' المصاهرة', 0),
(676, 'ar', ' المغارسة', 0),
(677, 'ar', ' الميتة', 0),
(678, 'ar', ' المحرمات', 0),
(679, 'ar', ' المنفعة', 0),
(680, 'ar', ' المزايدة', 0),
(681, 'ar', ' المساومة والمرابحة', 0),
(682, 'ar', ' المباراة في الطلاق', 0),
(683, 'ar', ' الموالاة في طواف الحج', 0),
(684, 'ar', ' الموت الدماغي', 0),
(685, 'ar', ' مساحيق التجميل', 0),
(686, 'ar', ' مكياج المرأة في الوضوء والصلاة', 0),
(687, 'ar', ' مرض الأيدز وأحكامه', 0),
(688, 'ar', ' المرافق الصحية', 0),
(689, 'ar', ' المزابنة', 0),
(690, 'ar', ' المحاقلة', 0),
(691, 'ar', ' المضاربة الأذنية', 0),
(692, 'ar', ' المهر الفاطمي', 0),
(693, 'ar', ' ممارسة القضاء في بلد غير إسلامي', 0),
(694, 'ar', ' المتاجرة بالكتب الخطية والآثار الإسلامية', 0),
(695, 'ar', ' مكارم الأخلاق', 0),
(696, 'ar', ' المباشرة في الوضوء', 0),
(697, 'ar', ' المفقودات', 0),
(698, 'ar', ' المصالحة', 0),
(699, 'ar', ' المنح الدراسية والمساعدات', 0),
(700, 'ar', ' موعظة في الصوم', 0),
(701, 'ar', ' مراسم العزاء ووقت الصلاة', 0),
(702, 'ar', ' النفاس', 0),
(703, 'ar', ' النية', 0),
(704, 'ar', ' النية في الصلاة', 0),
(705, 'ar', ' النية في الصوم', 0),
(706, 'ar', ' النكاح', 0),
(707, 'ar', ' النوافل اليومية', 0),
(708, 'ar', ' النحت', 0),
(709, 'ar', ' نبش القبر', 0),
(710, 'ar', ' النشوز والشقاق', 0),
(711, 'ar', ' النصيحة', 0),
(712, 'ar', ' النجش', 0),
(713, 'ar', ' النسب', 0),
(714, 'ar', ' نذر الزوجة', 0),
(715, 'ar', ' النظرة المحرمة', 0),
(716, 'ar', ' النميمة', 0),
(717, 'ar', ' نقص الدين', 0),
(718, 'ar', ' النظر إلى الصور والأفلام الخليعة', 0),
(719, 'ar', ' النية في الوضوء', 0),
(720, 'ar', ' نهج البلاغة', 0),
(721, 'ar', ' الوسواس', 0),
(722, 'ar', ' الوصية في الحج', 0),
(723, 'ar', ' ولاية الفقيه', 0),
(724, 'ar', ' ولاية الأب على الصبي', 0),
(725, 'ar', ' الوديعة', 0),
(726, 'ar', ' الوكالة', 0),
(727, 'ar', ' الوشم', 0),
(728, 'ar', ' وطء الشبهة', 0),
(729, 'ar', ' ولوغ الكلب', 0),
(730, 'ar', ' الوفاة في البلدان غير الإسلامية', 0),
(731, 'ar', ' وقت الإمساك ( الصوم )', 0),
(732, 'ar', ' وقت الإفطار ( الصوم )', 0),
(733, 'ar', ' الهبة', 0),
(734, 'ar', ' الهدية', 0),
(735, 'ar', ' الهجر بين المؤمنين', 0),
(736, 'ar', ' الهندسة الوراثية', 0),
(737, 'ar', ' اليانصيب واللوتري', 0),
(738, 'en', 'Ahl-e Kitab', 0),
(739, 'en', ' Abortion', 0),
(740, 'en', ' Adoption', 0),
(741, 'en', ' Alcohol', 0),
(742, 'en', ' Ability (Hajj)', 0),
(743, 'en', ' Azadari', 0),
(744, 'en', ' Autopsy', 0),
(745, 'en', ' Adulthood', 0),
(746, 'en', ' Artificial Insemination', 0),
(747, 'en', ' Adultery', 0),
(748, 'en', ' Animals', 0),
(749, 'en', ' Adhan and Iqamah', 0),
(750, 'en', ' Arbaeen Pilgrims', 0),
(751, 'en', ' Buying &amp; Selling', 0),
(752, 'en', ' Black Clothes', 0),
(753, 'en', ' Backbiting', 0),
(754, 'en', ' Beard', 0),
(755, 'en', ' Blood Donation', 0),
(756, 'en', ' Black Magic', 0),
(757, 'en', ' Birth Control', 0),
(758, 'en', ' Bolugh', 0),
(759, 'en', ' Beer', 0),
(760, 'en', ' Bathing', 0),
(761, 'en', ' Bribery', 0),
(762, 'en', ' Black Gammon', 0),
(763, 'en', ' Beliefs', 0),
(764, 'en', ' Business', 0),
(765, 'en', ' Blood', 0),
(766, 'en', ' Bullfighting', 0),
(767, 'en', ' Clogne &amp; Perfume', 0),
(768, 'en', ' Combining Prayers', 0),
(769, 'en', ' Chat between Male &amp; Female', 0),
(770, 'en', ' Clothing', 0),
(771, 'en', ' Copyrights', 0),
(772, 'en', ' Congregational Prayers', 0),
(773, 'en', ' Cheating', 0),
(774, 'en', ' Contraceptives', 0),
(775, 'en', ' Crescent Sighting', 0),
(776, 'en', ' Cockfight', 0),
(777, 'en', ' Cheese', 0),
(778, 'en', ' Co-education', 0),
(779, 'en', ' Chess', 0),
(780, 'en', ' Cat Hair', 0),
(781, 'en', ' Cloning', 0),
(782, 'en', ' Child Custody', 0),
(783, 'en', ' Cosmetics', 0),
(784, 'en', ' Divorce', 0),
(785, 'en', ' Death Related Issues', 0),
(786, 'en', ' Doubts', 0),
(787, 'en', ' Dreams', 0),
(788, 'en', ' Dissimulation', 0),
(789, 'en', ' Diyah (blood money)', 0),
(790, 'en', ' Dancing', 0),
(791, 'en', ' Dress Code', 0),
(792, 'en', ' Dues', 0),
(793, 'en', ' Drawing', 0),
(794, 'en', ' Depositing Money', 0),
(795, 'en', ' Eid Crescent', 0),
(796, 'en', ' Eating &amp; Drinking', 0),
(797, 'en', ' Ethical Issues', 0),
(798, 'en', ' Eid Prayer', 0),
(799, 'en', ' Ejaculation', 0),
(800, 'en', ' Entertainment', 0),
(801, 'en', ' Endowment (Waqf)', 0),
(802, 'en', ' Fish', 0),
(803, 'en', ' Friday Prayer', 0),
(804, 'en', ' Friendship', 0),
(805, 'en', ' Food', 0),
(806, 'en', '  Forbidden Acts During Ihram', 0),
(807, 'en', ' Following a Mujtahid', 0),
(808, 'en', ' Forgery', 0),
(809, 'en', ' Funeral Prayer', 0),
(810, 'en', ' French-cut Beard', 0),
(811, 'en', ' Films and Videos', 0),
(812, 'en', ' Fasting', 0),
(813, 'en', ' Fasting and Niyah', 0),
(814, 'en', ' Fasting and Work', 0),
(815, 'en', ' Fasting and Weakness', 0),
(816, 'en', ' Fasting and Education', 0),
(817, 'en', ' Fasting and Thirst', 0),
(818, 'en', ' Fasting and Old Age', 0),
(819, 'en', ' Fasting and Illness', 0),
(820, 'en', ' Fasting and Pregnancy', 0),
(821, 'en', ' Fasting and Breastfeeding', 0),
(822, 'en', ' Fast Broken Intentionally', 0),
(823, 'en', ' Fasting and Puberty', 0),
(824, 'en', ' Fasting and Masturbation', 0),
(825, 'en', ' Fasting and Intimacy', 0),
(826, 'en', ' Fasting and Janabah', 0),
(827, 'en', ' Fasting and Long Days', 0),
(828, 'en', ' Gold', 0),
(829, 'en', ' Gifts', 0),
(830, 'en', ' Ghusl', 0),
(831, 'en', ' Games', 0),
(832, 'en', ' Ghina (Songs)', 0),
(833, 'en', ' Gelatin', 0),
(834, 'en', ' Gambling', 0),
(835, 'en', ' Goldquest', 0),
(836, 'en', ' Graves', 0),
(837, 'en', ' Hajj', 0),
(838, 'en', ' Hand-shaking', 0),
(839, 'en', ' Hijab (Islamic Dress)', 0),
(840, 'en', ' Hypnotism', 0),
(841, 'en', ' Halal &amp; Haram Foods', 0),
(842, 'en', ' Horse Race', 0),
(843, 'en', ' Haiz', 0),
(844, 'en', ' Hand Practice', 0),
(845, 'en', ' Holy Names', 0),
(846, 'en', ' Interaction in Social Life', 0),
(847, 'en', ' Istikhara', 0),
(848, 'en', ' Inheritance', 0),
(849, 'en', ' Identifying the Most Learned Mujtahid', 0),
(850, 'en', ' Interest', 0),
(851, 'en', ' Insurance', 0),
(852, 'en', ' Ihram', 0),
(853, 'en', ' Iddah (waiting period)', 0),
(854, 'en', ' Invocation of Jinn', 0),
(855, 'en', ' Islamic Dress Code', 0),
(856, 'en', ' Istibra', 0),
(857, 'en', ' Investment', 0),
(858, 'en', ' Islamic Slaughtering', 0),
(859, 'en', ' Janabah', 0),
(860, 'en', ' Jabirah', 0),
(861, 'en', ' Jumah Prayer', 0),
(862, 'en', ' Justice', 0),
(863, 'en', ' Kissing', 0),
(864, 'en', ' Khums', 0),
(865, 'en', ' Koran', 0),
(866, 'en', ' Kaffarah', 0),
(867, 'en', ' Leather Products', 0),
(868, 'en', ' Lying', 0),
(869, 'en', ' Loan', 0),
(870, 'en', ' Lottery', 0),
(871, 'en', ' Looking', 0),
(872, 'en', ' Laws in non-Muslim Countries', 0),
(873, 'en', ' Lamentation', 0),
(874, 'en', ' Masturbation', 0),
(875, 'en', ' Mutah', 0),
(876, 'en', ' Music', 0),
(877, 'en', ' Matches', 0),
(878, 'en', ' Migration to non-Muslim Countries', 0),
(879, 'en', ' Medical Issues', 0),
(880, 'en', ' Marriage', 0),
(881, 'en', ' Meat', 0),
(882, 'en', ' Mozarebah', 0),
(883, 'en', ' Miscellaneous', 0),
(884, 'en', ' Menses', 0),
(885, 'en', ' Modest Dress', 0),
(886, 'en', ' Mortgage', 0),
(887, 'en', ' Male and Female Relations', 0),
(888, 'en', ' Maturity', 0),
(889, 'en', ' Matrimonial Obligations', 0),
(890, 'en', ' Mixed Gatherings', 0),
(891, 'en', ' Mourning', 0),
(892, 'en', ' Mass Prayer', 0),
(893, 'en', ' Musical Instrument', 0),
(894, 'en', ' Movies', 0),
(895, 'en', ' Make-up', 0),
(896, 'en', ' Moon Sighting', 0),
(897, 'en', ' Mosque', 0),
(898, 'en', ' Najasat', 0),
(899, 'en', ' Nail Polish', 0),
(900, 'en', ' Nafilah Prayer', 0),
(901, 'en', ' Namaz', 0),
(902, 'en', ' Nifas', 0),
(903, 'en', ' Nafaqah', 0),
(904, 'en', ' Night Prayer', 0),
(905, 'en', ' Non-Muslims', 0),
(906, 'en', ' Nahjul Balaghah', 0),
(907, 'en', ' Network Marketing', 0),
(908, 'en', ' Ornaments', 0),
(909, 'en', ' Organ Donation', 0),
(910, 'en', ' Oath', 0),
(911, 'en', ' Prayer', 0),
(912, 'en', ' Purity', 0),
(913, 'en', ' Pictures', 0),
(914, 'en', ' Prostration', 0),
(915, 'en', ' Permanent Marriage', 0),
(916, 'en', ' Palmistry', 0),
(917, 'en', ' Perfume &amp; Clogne', 0),
(918, 'en', ' Pre-marital Relation', 0),
(919, 'en', ' Pornography', 0),
(920, 'en', ' Prayer Timings', 0),
(921, 'en', ' Period', 0),
(922, 'en', ' Prayer behind a Sunni Prayer Leader', 0),
(923, 'en', ' Paintings', 0),
(924, 'en', ' Pork', 0),
(925, 'en', ' People of the Book', 0),
(926, 'en', ' Polytheism', 0),
(927, 'en', ' Quran', 0),
(928, 'en', ' Qaza Prayers and Fasts', 0),
(929, 'en', ' Qasr Prayers', 0),
(930, 'en', ' Qasam', 0),
(931, 'en', ' Qibla', 0),
(932, 'en', ' Rules of Slaughtering', 0),
(933, 'en', ' Rules of Sa\'y', 0),
(934, 'en', ' Sexual Intercourse', 0),
(935, 'en', ' Tawaf', 0),
(936, 'en', ' Tattoos', 0),
(937, 'en', ' Tashahhud', 0),
(938, 'en', ' Tawaf on a Newly Built Circular Bridge', 0),
(939, 'en', ' Wudhu', 0),
(940, 'en', ' Wrestling', 0),
(941, 'en', ' Zakat', 0),
(942, 'fr', 'Avortement', 0),
(943, 'fr', ' Apostasie', 0),
(944, 'fr', ' Aumône volontaire(sadaqa)', 0),
(945, 'fr', ' Alcool', 0),
(946, 'fr', ' Amour', 0),
(947, 'fr', ' Adultère', 0),
(948, 'fr', ' Achat et vente', 0),
(949, 'fr', ' Age de puberté (taqlid)', 0),
(950, 'fr', ' Accolade (musâfihi)', 0),
(951, 'fr', ' Ablution mineure(wuzû)', 0),
(952, 'fr', ' Ablution majeure (ghusl)', 0),
(953, 'fr', ' Aumône de rupture du jeûne', 0),
(954, 'fr', ' Applaudissement', 0),
(955, 'fr', ' Actions abrogatives du jeûne', 0),
(956, 'fr', ' Bon et mal dans le monde', 0),
(957, 'fr', ' Contraception', 0),
(958, 'fr', ' Chasse', 0),
(959, 'fr', ' Circoncision', 0),
(960, 'fr', ' Coran', 0),
(961, 'fr', ' Commerce', 0),
(962, 'fr', ' Chant (ghina)', 0),
(963, 'fr', ' Coït', 0),
(964, 'fr', ' Chiisme', 0),
(965, 'fr', ' Commandement du bien et interdiction du mal', 0),
(966, 'fr', ' Cinéma', 0),
(967, 'fr', ' Dessin', 0),
(968, 'fr', ' Dot (mahr)', 0),
(969, 'fr', ' Doutes sur l’accomplissement de la prière', 0),
(970, 'fr', ' Djabîra(éclisse', 0),
(971, 'fr', ' bandage etc)', 0),
(972, 'fr', ' Droits de parents', 0),
(973, 'fr', ' Danse', 0),
(974, 'fr', ' Dette', 0),
(975, 'fr', ' Divorce', 0),
(976, 'fr', ' Diverses questions', 0),
(977, 'fr', ' Droits de deux époux', 0),
(978, 'fr', ' Doutes', 0),
(979, 'fr', ' Expiation (kaffâra)', 0),
(980, 'fr', ' Epreuve divine', 0),
(981, 'fr', ' Emprunt', 0),
(982, 'fr', ' Embellissement', 0),
(983, 'fr', ' Echecs', 0),
(984, 'fr', ' Fécondation', 0),
(985, 'fr', ' Fiançailles', 0),
(986, 'fr', ' Falsification', 0),
(987, 'fr', ' Gaspillage', 0),
(988, 'fr', ' Genèse', 0),
(989, 'fr', ' Gens du Livre', 0),
(990, 'fr', ' Gouvernorat du juriste-thélologien', 0),
(991, 'fr', ' Gens de la Famille (Ahl ul-Bayt)', 0),
(992, 'fr', ' Héritage', 0),
(993, 'fr', ' Horoscope', 0),
(994, 'fr', ' Injure', 0),
(995, 'fr', ' Infaillibilité des prophètes', 0),
(996, 'fr', ' Istibrâ', 0),
(997, 'fr', ' Invocation', 0),
(998, 'fr', ' Internet', 0),
(999, 'fr', ' Intérêt bancaire', 0),
(1000, 'fr', ' Jeûne de malade', 0),
(1001, 'fr', ' Jeûne en dixième jour du mois de moharram', 0),
(1002, 'fr', ' Jeûne de voyageur', 0),
(1003, 'fr', ' Jeûne réparatoire', 0),
(1004, 'fr', ' Jeu de hasard', 0),
(1005, 'fr', ' Jeûne', 0),
(1006, 'fr', ' Khums', 0),
(1007, 'fr', ' Lochies', 0),
(1008, 'fr', ' Lecture du Coran', 0),
(1009, 'fr', ' Mariage permanent', 0),
(1010, 'fr', ' Musique', 0),
(1011, 'fr', ' Menstruation', 0),
(1012, 'fr', ' Mahram(proche parent avec qui le mariage est prohibé)', 0),
(1013, 'fr', ' Mariage temporaire(mutah)', 0),
(1014, 'fr', ' Maquillage', 0),
(1015, 'fr', ' Masturbation', 0),
(1016, 'fr', ' Métrorragie', 0),
(1017, 'fr', ' Match', 0),
(1018, 'fr', ' Mort', 0),
(1019, 'fr', ' Marques distinctives religieuses', 0),
(1020, 'fr', ' Médisance', 0),
(1021, 'fr', ' Modification de la sexualité', 0),
(1022, 'fr', ' Nourritures et boissons', 0),
(1023, 'fr', ' Obsession', 0),
(1024, 'fr', ' Ordinateur', 0),
(1025, 'fr', ' Pollution séminale', 0),
(1026, 'fr', ' Polygamie', 0),
(1027, 'fr', ' Pot-de-vin', 0),
(1028, 'fr', ' Prière à l’occasion des phénomènes naturels (salât ul-âyât)', 0),
(1029, 'fr', ' Prière de voyageur', 0),
(1030, 'fr', ' Prière de fête', 0),
(1031, 'fr', ' Prix du sang', 0),
(1032, 'fr', ' Prières recommandées', 0),
(1033, 'fr', ' Purification', 0),
(1034, 'fr', ' Priére pour le défunt', 0),
(1035, 'fr', ' Prière réparatoire', 0),
(1036, 'fr', ' Prière', 0),
(1037, 'fr', ' Prière en commun', 0),
(1038, 'fr', ' Pèlerinage', 0),
(1039, 'fr', ' Qunût', 0),
(1040, 'fr', ' Rasage de barbe', 0),
(1041, 'fr', ' Relation entre deux sexes', 0),
(1042, 'fr', ' Retraite spirituelle ou pieuse dans un lieu saint (itikâf)', 0),
(1043, 'fr', ' Respect des liens utérins (silat ul-rahim)', 0),
(1044, 'fr', ' Regard', 0),
(1045, 'fr', ' Retraite de continence (idda)', 0),
(1046, 'fr', ' Seigneur du temps(Imam Mahdi)', 0),
(1047, 'fr', ' Salaire', 0),
(1048, 'fr', ' Stupéfiant', 0),
(1049, 'fr', ' Substanes impures (nidjasat)', 0),
(1050, 'fr', ' Sodomie', 0),
(1051, 'fr', ' Sculpture', 0),
(1052, 'fr', ' Sacralisation', 0),
(1053, 'fr', ' Travail', 0),
(1054, 'fr', ' Transplantation', 0),
(1055, 'fr', ' Taqlîd', 0),
(1056, 'fr', ' Tawba (pénitence)', 0),
(1057, 'fr', ' Tayammum (purification sèche)', 0),
(1058, 'fr', ' Taqïyyah', 0),
(1059, 'fr', ' Unicité de Dieu', 0),
(1060, 'fr', ' Visite des tombes', 0),
(1061, 'fr', ' Vœu', 0),
(1062, 'fr', ' Vue de la nouvelle lune', 0),
(1063, 'fr', ' Vêtement de la personne qui fait la prière', 0),
(1064, 'fr', ' Vêtements', 0),
(1065, 'fr', ' Voile (hidjâb)', 0);

-- --------------------------------------------------------

--
-- Table structure for table `user`
--

DROP TABLE IF EXISTS `user`;
CREATE TABLE IF NOT EXISTS `user` (
  `id` int(11) NOT NULL AUTO_INCREMENT,
  `name` varchar(255) NOT NULL,
  `deviceType` tinyint(4) NOT NULL COMMENT 'ios,android',
  `deviceUUID` varchar(255) NOT NULL,
  `firebaseToken` varchar(1024) DEFAULT NULL,
  `username` varchar(255) NOT NULL,
  `password` varchar(255) NOT NULL,
  `email` varchar(255) NOT NULL,
  `registrationDate` datetime NOT NULL,
  PRIMARY KEY (`id`)
) ENGINE=InnoDB AUTO_INCREMENT=2 DEFAULT CHARSET=utf8;

--
-- Dumping data for table `user`
--

INSERT INTO `user` (`id`, `name`, `deviceType`, `deviceUUID`, `firebaseToken`, `username`, `password`, `email`, `registrationDate`) VALUES
(1, 'وليد عيدان', 1, 'DD', NULL, 'prog-karrar', '123456', 'domkarrar@gmail.com', '2017-11-06 00:00:00');
COMMIT;

/*!40101 SET CHARACTER_SET_CLIENT=@OLD_CHARACTER_SET_CLIENT */;
/*!40101 SET CHARACTER_SET_RESULTS=@OLD_CHARACTER_SET_RESULTS */;
/*!40101 SET COLLATION_CONNECTION=@OLD_COLLATION_CONNECTION */;
